"","pokemonId","closeToWater"
"1",1,"false"
"2",1,"false"
"3",1,"true"
"4",1,"false"
"5",1,"false"
"6",1,"true"
"7",1,"false"
"8",1,"false"
"9",1,"false"
"10",1,"true"
"11",1,"true"
"12",1,"false"
"13",2,"false"
"14",4,"true"
"15",4,"true"
"16",4,"false"
"17",4,"false"
"18",4,"false"
"19",4,"true"
"20",10,"true"
"21",10,"true"
"22",10,"false"
"23",10,"false"
"24",10,"true"
"25",10,"true"
"26",10,"false"
"27",10,"true"
"28",10,"true"
"29",10,"false"
"30",10,"false"
"31",10,"true"
"32",10,"false"
"33",10,"false"
"34",10,"false"
"35",10,"true"
"36",10,"false"
"37",10,"false"
"38",10,"false"
"39",10,"false"
"40",10,"false"
"41",10,"false"
"42",10,"false"
"43",10,"true"
"44",10,"false"
"45",10,"false"
"46",10,"false"
"47",10,"false"
"48",10,"false"
"49",10,"true"
"50",10,"false"
"51",10,"false"
"52",10,"false"
"53",10,"true"
"54",10,"false"
"55",10,"false"
"56",10,"false"
"57",10,"false"
"58",10,"false"
"59",10,"true"
"60",10,"true"
"61",10,"false"
"62",10,"false"
"63",10,"false"
"64",10,"false"
"65",10,"false"
"66",10,"true"
"67",10,"false"
"68",10,"false"
"69",10,"false"
"70",10,"false"
"71",10,"true"
"72",10,"false"
"73",10,"true"
"74",10,"false"
"75",10,"false"
"76",10,"true"
"77",10,"false"
"78",10,"false"
"79",10,"false"
"80",10,"false"
"81",10,"false"
"82",10,"true"
"83",10,"false"
"84",10,"false"
"85",10,"false"
"86",10,"false"
"87",10,"false"
"88",10,"true"
"89",10,"false"
"90",10,"false"
"91",10,"true"
"92",10,"false"
"93",10,"false"
"94",10,"true"
"95",10,"false"
"96",10,"false"
"97",10,"false"
"98",10,"false"
"99",10,"true"
"100",10,"true"
"101",10,"false"
"102",10,"false"
"103",11,"false"
"104",11,"false"
"105",11,"false"
"106",11,"true"
"107",11,"false"
"108",13,"false"
"109",13,"false"
"110",13,"false"
"111",13,"true"
"112",13,"false"
"113",13,"false"
"114",13,"true"
"115",13,"false"
"116",13,"false"
"117",13,"false"
"118",13,"true"
"119",13,"true"
"120",13,"false"
"121",13,"false"
"122",13,"false"
"123",13,"false"
"124",13,"true"
"125",13,"false"
"126",13,"false"
"127",13,"false"
"128",13,"false"
"129",13,"false"
"130",13,"false"
"131",13,"false"
"132",13,"false"
"133",13,"false"
"134",13,"false"
"135",13,"false"
"136",13,"false"
"137",13,"false"
"138",13,"false"
"139",13,"false"
"140",13,"false"
"141",13,"false"
"142",13,"true"
"143",13,"false"
"144",13,"false"
"145",13,"false"
"146",13,"false"
"147",13,"false"
"148",13,"false"
"149",13,"false"
"150",13,"true"
"151",13,"false"
"152",13,"false"
"153",13,"true"
"154",13,"false"
"155",13,"false"
"156",13,"false"
"157",13,"false"
"158",13,"false"
"159",13,"false"
"160",13,"false"
"161",13,"false"
"162",13,"false"
"163",13,"false"
"164",13,"true"
"165",13,"false"
"166",13,"false"
"167",13,"false"
"168",13,"true"
"169",13,"false"
"170",13,"false"
"171",13,"false"
"172",13,"false"
"173",13,"false"
"174",13,"false"
"175",13,"true"
"176",13,"true"
"177",13,"false"
"178",13,"false"
"179",13,"true"
"180",13,"false"
"181",13,"false"
"182",13,"false"
"183",13,"false"
"184",13,"false"
"185",13,"true"
"186",13,"true"
"187",13,"false"
"188",13,"false"
"189",13,"false"
"190",13,"true"
"191",13,"false"
"192",13,"false"
"193",13,"true"
"194",13,"false"
"195",13,"true"
"196",13,"false"
"197",13,"false"
"198",13,"false"
"199",13,"false"
"200",13,"false"
"201",13,"false"
"202",13,"true"
"203",13,"false"
"204",13,"false"
"205",13,"false"
"206",13,"false"
"207",13,"true"
"208",13,"false"
"209",13,"false"
"210",13,"false"
"211",13,"true"
"212",13,"false"
"213",13,"false"
"214",13,"false"
"215",13,"false"
"216",13,"false"
"217",13,"false"
"218",13,"false"
"219",13,"false"
"220",13,"false"
"221",13,"false"
"222",13,"false"
"223",13,"false"
"224",13,"false"
"225",13,"false"
"226",13,"false"
"227",13,"false"
"228",13,"false"
"229",13,"true"
"230",13,"false"
"231",13,"false"
"232",13,"false"
"233",13,"false"
"234",13,"false"
"235",13,"true"
"236",13,"true"
"237",13,"false"
"238",13,"false"
"239",13,"false"
"240",13,"false"
"241",13,"false"
"242",13,"false"
"243",13,"false"
"244",13,"true"
"245",13,"true"
"246",13,"false"
"247",13,"true"
"248",13,"false"
"249",13,"false"
"250",13,"false"
"251",13,"false"
"252",13,"false"
"253",13,"false"
"254",13,"false"
"255",13,"false"
"256",13,"false"
"257",13,"true"
"258",13,"false"
"259",13,"false"
"260",13,"false"
"261",13,"false"
"262",13,"false"
"263",13,"false"
"264",13,"false"
"265",13,"false"
"266",13,"false"
"267",13,"false"
"268",13,"false"
"269",13,"true"
"270",13,"false"
"271",13,"false"
"272",13,"true"
"273",13,"true"
"274",13,"false"
"275",13,"true"
"276",13,"true"
"277",13,"false"
"278",13,"false"
"279",13,"false"
"280",13,"true"
"281",13,"false"
"282",13,"false"
"283",13,"false"
"284",13,"false"
"285",13,"false"
"286",13,"true"
"287",13,"true"
"288",13,"false"
"289",13,"true"
"290",13,"false"
"291",13,"false"
"292",13,"false"
"293",13,"false"
"294",13,"false"
"295",13,"false"
"296",13,"false"
"297",13,"false"
"298",13,"false"
"299",13,"false"
"300",13,"false"
"301",13,"false"
"302",13,"true"
"303",13,"false"
"304",13,"true"
"305",13,"true"
"306",13,"false"
"307",13,"true"
"308",13,"false"
"309",13,"true"
"310",13,"true"
"311",13,"false"
"312",13,"false"
"313",13,"false"
"314",13,"false"
"315",13,"true"
"316",13,"false"
"317",13,"false"
"318",13,"false"
"319",13,"false"
"320",13,"false"
"321",13,"false"
"322",13,"false"
"323",13,"false"
"324",13,"true"
"325",13,"false"
"326",13,"false"
"327",13,"false"
"328",13,"false"
"329",13,"true"
"330",13,"false"
"331",13,"false"
"332",13,"false"
"333",13,"false"
"334",13,"false"
"335",13,"false"
"336",13,"false"
"337",13,"false"
"338",14,"false"
"339",14,"false"
"340",14,"false"
"341",14,"false"
"342",14,"false"
"343",14,"false"
"344",14,"false"
"345",14,"false"
"346",14,"false"
"347",14,"false"
"348",14,"false"
"349",14,"false"
"350",14,"false"
"351",14,"true"
"352",14,"false"
"353",14,"false"
"354",15,"false"
"355",16,"false"
"356",16,"false"
"357",16,"false"
"358",16,"true"
"359",16,"true"
"360",16,"false"
"361",16,"false"
"362",16,"false"
"363",16,"false"
"364",16,"false"
"365",16,"false"
"366",16,"false"
"367",16,"false"
"368",16,"true"
"369",16,"false"
"370",16,"false"
"371",16,"false"
"372",16,"false"
"373",16,"false"
"374",16,"false"
"375",16,"false"
"376",16,"false"
"377",16,"false"
"378",16,"false"
"379",16,"false"
"380",16,"true"
"381",16,"false"
"382",16,"false"
"383",16,"false"
"384",16,"false"
"385",16,"true"
"386",16,"false"
"387",16,"true"
"388",16,"false"
"389",16,"false"
"390",16,"false"
"391",16,"false"
"392",16,"false"
"393",16,"true"
"394",16,"false"
"395",16,"false"
"396",16,"false"
"397",16,"false"
"398",16,"true"
"399",16,"false"
"400",16,"true"
"401",16,"false"
"402",16,"false"
"403",16,"false"
"404",16,"false"
"405",16,"false"
"406",16,"false"
"407",16,"false"
"408",16,"false"
"409",16,"false"
"410",16,"true"
"411",16,"false"
"412",16,"true"
"413",16,"false"
"414",16,"false"
"415",16,"true"
"416",16,"false"
"417",16,"false"
"418",16,"false"
"419",16,"false"
"420",16,"false"
"421",16,"true"
"422",16,"false"
"423",16,"false"
"424",16,"false"
"425",16,"false"
"426",16,"false"
"427",16,"false"
"428",16,"false"
"429",16,"false"
"430",16,"false"
"431",16,"false"
"432",16,"false"
"433",16,"false"
"434",16,"false"
"435",16,"false"
"436",16,"false"
"437",16,"false"
"438",16,"false"
"439",16,"true"
"440",16,"false"
"441",16,"true"
"442",16,"false"
"443",16,"false"
"444",16,"false"
"445",16,"true"
"446",16,"false"
"447",16,"false"
"448",16,"false"
"449",16,"false"
"450",16,"false"
"451",16,"false"
"452",16,"false"
"453",16,"false"
"454",16,"true"
"455",16,"false"
"456",16,"false"
"457",16,"false"
"458",16,"false"
"459",16,"false"
"460",16,"false"
"461",16,"false"
"462",16,"false"
"463",16,"false"
"464",16,"false"
"465",16,"false"
"466",16,"false"
"467",16,"false"
"468",16,"false"
"469",16,"true"
"470",16,"false"
"471",16,"false"
"472",16,"false"
"473",16,"false"
"474",16,"false"
"475",16,"false"
"476",16,"false"
"477",16,"true"
"478",16,"false"
"479",16,"false"
"480",16,"false"
"481",16,"false"
"482",16,"false"
"483",16,"false"
"484",16,"false"
"485",16,"false"
"486",16,"true"
"487",16,"false"
"488",16,"false"
"489",16,"false"
"490",16,"false"
"491",16,"false"
"492",16,"false"
"493",16,"false"
"494",16,"false"
"495",16,"false"
"496",16,"true"
"497",16,"false"
"498",16,"false"
"499",16,"true"
"500",16,"false"
"501",16,"false"
"502",16,"false"
"503",16,"false"
"504",16,"false"
"505",16,"true"
"506",16,"true"
"507",16,"false"
"508",16,"false"
"509",16,"true"
"510",16,"false"
"511",16,"false"
"512",16,"false"
"513",16,"false"
"514",16,"false"
"515",16,"false"
"516",16,"false"
"517",16,"true"
"518",16,"false"
"519",16,"false"
"520",16,"false"
"521",16,"false"
"522",16,"false"
"523",16,"false"
"524",16,"false"
"525",16,"false"
"526",16,"false"
"527",16,"false"
"528",16,"false"
"529",16,"false"
"530",16,"false"
"531",16,"false"
"532",16,"false"
"533",16,"false"
"534",16,"false"
"535",16,"true"
"536",16,"false"
"537",16,"false"
"538",16,"false"
"539",16,"false"
"540",16,"true"
"541",16,"false"
"542",16,"false"
"543",16,"false"
"544",16,"false"
"545",16,"false"
"546",16,"false"
"547",16,"false"
"548",16,"false"
"549",16,"false"
"550",16,"false"
"551",16,"false"
"552",16,"false"
"553",16,"false"
"554",16,"false"
"555",16,"true"
"556",16,"false"
"557",16,"false"
"558",16,"true"
"559",16,"false"
"560",16,"false"
"561",16,"false"
"562",16,"false"
"563",16,"true"
"564",16,"false"
"565",16,"false"
"566",16,"false"
"567",16,"false"
"568",16,"false"
"569",16,"false"
"570",16,"false"
"571",16,"false"
"572",16,"true"
"573",16,"false"
"574",16,"false"
"575",16,"false"
"576",16,"false"
"577",16,"false"
"578",16,"false"
"579",16,"false"
"580",16,"false"
"581",16,"false"
"582",16,"false"
"583",16,"false"
"584",16,"true"
"585",16,"true"
"586",16,"true"
"587",16,"true"
"588",16,"true"
"589",16,"false"
"590",16,"true"
"591",16,"false"
"592",16,"false"
"593",16,"false"
"594",16,"false"
"595",16,"false"
"596",16,"false"
"597",16,"false"
"598",16,"false"
"599",16,"true"
"600",16,"false"
"601",16,"false"
"602",16,"false"
"603",16,"false"
"604",16,"false"
"605",16,"false"
"606",16,"false"
"607",16,"false"
"608",16,"false"
"609",16,"false"
"610",16,"false"
"611",16,"false"
"612",16,"false"
"613",16,"false"
"614",16,"true"
"615",16,"false"
"616",16,"false"
"617",16,"false"
"618",16,"false"
"619",16,"true"
"620",16,"false"
"621",16,"true"
"622",16,"false"
"623",16,"false"
"624",16,"false"
"625",16,"false"
"626",16,"false"
"627",16,"false"
"628",16,"false"
"629",16,"true"
"630",16,"false"
"631",16,"false"
"632",16,"false"
"633",16,"false"
"634",16,"false"
"635",16,"false"
"636",16,"false"
"637",16,"false"
"638",16,"false"
"639",16,"false"
"640",16,"true"
"641",16,"true"
"642",16,"true"
"643",16,"false"
"644",16,"false"
"645",16,"false"
"646",16,"false"
"647",16,"true"
"648",16,"false"
"649",16,"false"
"650",16,"false"
"651",16,"false"
"652",16,"false"
"653",16,"true"
"654",16,"false"
"655",16,"false"
"656",16,"false"
"657",16,"true"
"658",16,"false"
"659",16,"false"
"660",16,"false"
"661",16,"true"
"662",16,"true"
"663",16,"false"
"664",16,"false"
"665",16,"false"
"666",16,"false"
"667",16,"false"
"668",16,"true"
"669",16,"true"
"670",16,"false"
"671",16,"false"
"672",16,"false"
"673",16,"false"
"674",16,"false"
"675",16,"false"
"676",16,"false"
"677",16,"false"
"678",16,"false"
"679",16,"false"
"680",16,"false"
"681",16,"false"
"682",16,"false"
"683",16,"false"
"684",16,"false"
"685",16,"false"
"686",16,"false"
"687",16,"false"
"688",16,"false"
"689",16,"false"
"690",16,"false"
"691",16,"false"
"692",16,"false"
"693",16,"false"
"694",16,"false"
"695",16,"false"
"696",16,"false"
"697",16,"false"
"698",16,"false"
"699",16,"false"
"700",16,"false"
"701",16,"false"
"702",16,"false"
"703",16,"false"
"704",16,"false"
"705",16,"true"
"706",16,"false"
"707",16,"false"
"708",16,"false"
"709",16,"false"
"710",16,"false"
"711",16,"false"
"712",16,"false"
"713",16,"true"
"714",16,"false"
"715",16,"false"
"716",16,"false"
"717",16,"false"
"718",16,"true"
"719",16,"false"
"720",16,"false"
"721",16,"false"
"722",16,"true"
"723",16,"false"
"724",16,"false"
"725",16,"true"
"726",16,"true"
"727",16,"false"
"728",16,"false"
"729",16,"true"
"730",16,"false"
"731",16,"false"
"732",16,"false"
"733",16,"false"
"734",16,"false"
"735",16,"true"
"736",16,"false"
"737",16,"false"
"738",16,"false"
"739",16,"false"
"740",16,"false"
"741",16,"false"
"742",16,"false"
"743",16,"true"
"744",16,"false"
"745",16,"false"
"746",16,"false"
"747",16,"true"
"748",16,"false"
"749",16,"false"
"750",16,"false"
"751",16,"false"
"752",16,"false"
"753",16,"false"
"754",16,"false"
"755",16,"true"
"756",16,"false"
"757",16,"true"
"758",16,"false"
"759",16,"true"
"760",16,"false"
"761",16,"false"
"762",16,"false"
"763",16,"false"
"764",16,"false"
"765",16,"false"
"766",16,"false"
"767",16,"false"
"768",16,"false"
"769",16,"false"
"770",16,"false"
"771",16,"false"
"772",16,"false"
"773",16,"false"
"774",16,"false"
"775",16,"false"
"776",16,"false"
"777",16,"false"
"778",16,"false"
"779",16,"false"
"780",16,"false"
"781",16,"false"
"782",16,"true"
"783",16,"true"
"784",16,"false"
"785",16,"false"
"786",16,"false"
"787",16,"false"
"788",16,"false"
"789",16,"false"
"790",16,"false"
"791",16,"false"
"792",16,"false"
"793",17,"true"
"794",17,"false"
"795",17,"false"
"796",17,"false"
"797",17,"false"
"798",17,"false"
"799",17,"false"
"800",17,"true"
"801",17,"true"
"802",17,"false"
"803",17,"false"
"804",17,"false"
"805",17,"false"
"806",17,"false"
"807",17,"true"
"808",17,"false"
"809",17,"false"
"810",17,"true"
"811",17,"false"
"812",17,"false"
"813",17,"false"
"814",17,"false"
"815",17,"false"
"816",17,"true"
"817",17,"false"
"818",17,"false"
"819",17,"false"
"820",17,"true"
"821",18,"false"
"822",18,"false"
"823",18,"false"
"824",18,"false"
"825",19,"true"
"826",19,"true"
"827",19,"false"
"828",19,"false"
"829",19,"true"
"830",19,"false"
"831",19,"true"
"832",19,"false"
"833",19,"false"
"834",19,"false"
"835",19,"false"
"836",19,"false"
"837",19,"false"
"838",19,"false"
"839",19,"false"
"840",19,"false"
"841",19,"true"
"842",19,"false"
"843",19,"true"
"844",19,"false"
"845",19,"false"
"846",19,"false"
"847",19,"false"
"848",19,"false"
"849",19,"false"
"850",19,"false"
"851",19,"true"
"852",19,"false"
"853",19,"false"
"854",19,"false"
"855",19,"false"
"856",19,"false"
"857",19,"false"
"858",19,"false"
"859",19,"true"
"860",19,"false"
"861",19,"false"
"862",19,"true"
"863",19,"false"
"864",19,"true"
"865",19,"false"
"866",19,"false"
"867",19,"false"
"868",19,"false"
"869",19,"false"
"870",19,"false"
"871",19,"false"
"872",19,"false"
"873",19,"false"
"874",19,"false"
"875",19,"false"
"876",19,"false"
"877",19,"false"
"878",19,"true"
"879",19,"false"
"880",19,"false"
"881",19,"false"
"882",19,"false"
"883",19,"false"
"884",19,"false"
"885",19,"false"
"886",19,"false"
"887",19,"true"
"888",19,"false"
"889",19,"false"
"890",19,"false"
"891",19,"false"
"892",19,"false"
"893",19,"true"
"894",19,"false"
"895",19,"false"
"896",19,"true"
"897",19,"false"
"898",19,"false"
"899",19,"false"
"900",19,"true"
"901",19,"false"
"902",19,"true"
"903",19,"true"
"904",19,"false"
"905",19,"false"
"906",19,"false"
"907",19,"true"
"908",19,"false"
"909",19,"false"
"910",19,"false"
"911",19,"false"
"912",19,"false"
"913",19,"false"
"914",19,"false"
"915",19,"false"
"916",19,"false"
"917",19,"false"
"918",19,"false"
"919",19,"false"
"920",19,"false"
"921",19,"false"
"922",19,"false"
"923",19,"false"
"924",19,"false"
"925",19,"false"
"926",19,"false"
"927",19,"false"
"928",19,"false"
"929",19,"false"
"930",19,"false"
"931",19,"false"
"932",19,"false"
"933",19,"false"
"934",19,"false"
"935",19,"true"
"936",19,"false"
"937",19,"false"
"938",19,"false"
"939",19,"true"
"940",19,"false"
"941",19,"true"
"942",19,"false"
"943",19,"false"
"944",19,"false"
"945",19,"false"
"946",19,"false"
"947",19,"false"
"948",19,"true"
"949",19,"false"
"950",19,"false"
"951",19,"false"
"952",19,"false"
"953",19,"false"
"954",19,"false"
"955",19,"false"
"956",19,"false"
"957",19,"true"
"958",19,"true"
"959",19,"false"
"960",19,"false"
"961",19,"false"
"962",19,"false"
"963",19,"false"
"964",19,"true"
"965",19,"false"
"966",19,"false"
"967",19,"false"
"968",19,"false"
"969",19,"false"
"970",19,"false"
"971",19,"false"
"972",19,"true"
"973",19,"false"
"974",19,"false"
"975",19,"false"
"976",19,"false"
"977",19,"false"
"978",19,"false"
"979",19,"false"
"980",19,"true"
"981",19,"false"
"982",19,"false"
"983",19,"false"
"984",19,"false"
"985",19,"false"
"986",19,"false"
"987",19,"false"
"988",19,"false"
"989",19,"false"
"990",19,"false"
"991",19,"false"
"992",19,"false"
"993",19,"true"
"994",19,"false"
"995",19,"false"
"996",19,"true"
"997",19,"false"
"998",19,"false"
"999",19,"true"
"1000",19,"false"
"1001",19,"false"
"1002",19,"false"
"1003",19,"false"
"1004",19,"false"
"1005",19,"false"
"1006",19,"true"
"1007",19,"false"
"1008",19,"true"
"1009",19,"false"
"1010",19,"false"
"1011",19,"false"
"1012",19,"false"
"1013",19,"true"
"1014",19,"false"
"1015",19,"false"
"1016",19,"false"
"1017",19,"false"
"1018",19,"false"
"1019",19,"true"
"1020",19,"false"
"1021",19,"false"
"1022",19,"false"
"1023",19,"false"
"1024",19,"false"
"1025",19,"true"
"1026",19,"false"
"1027",19,"false"
"1028",19,"false"
"1029",19,"true"
"1030",19,"false"
"1031",19,"false"
"1032",19,"false"
"1033",19,"false"
"1034",19,"false"
"1035",19,"false"
"1036",19,"false"
"1037",19,"false"
"1038",19,"true"
"1039",19,"false"
"1040",19,"false"
"1041",19,"false"
"1042",19,"false"
"1043",19,"false"
"1044",19,"false"
"1045",19,"false"
"1046",19,"false"
"1047",19,"false"
"1048",19,"false"
"1049",19,"false"
"1050",19,"true"
"1051",19,"false"
"1052",19,"false"
"1053",19,"false"
"1054",19,"false"
"1055",19,"true"
"1056",19,"false"
"1057",19,"false"
"1058",19,"false"
"1059",19,"true"
"1060",19,"false"
"1061",19,"false"
"1062",19,"false"
"1063",19,"false"
"1064",19,"false"
"1065",19,"true"
"1066",19,"true"
"1067",19,"false"
"1068",19,"false"
"1069",19,"false"
"1070",19,"false"
"1071",19,"true"
"1072",19,"false"
"1073",19,"false"
"1074",19,"true"
"1075",19,"true"
"1076",19,"false"
"1077",19,"false"
"1078",19,"false"
"1079",19,"false"
"1080",19,"true"
"1081",19,"false"
"1082",19,"false"
"1083",19,"false"
"1084",19,"true"
"1085",19,"true"
"1086",19,"false"
"1087",19,"true"
"1088",19,"false"
"1089",19,"true"
"1090",19,"false"
"1091",19,"false"
"1092",19,"false"
"1093",19,"false"
"1094",19,"true"
"1095",19,"true"
"1096",19,"true"
"1097",19,"false"
"1098",19,"true"
"1099",19,"false"
"1100",19,"true"
"1101",19,"false"
"1102",19,"false"
"1103",19,"true"
"1104",19,"false"
"1105",19,"false"
"1106",19,"true"
"1107",19,"false"
"1108",19,"false"
"1109",19,"false"
"1110",19,"true"
"1111",19,"false"
"1112",19,"true"
"1113",19,"true"
"1114",19,"false"
"1115",19,"false"
"1116",19,"false"
"1117",19,"false"
"1118",19,"true"
"1119",19,"false"
"1120",19,"false"
"1121",19,"false"
"1122",19,"false"
"1123",19,"false"
"1124",19,"true"
"1125",19,"false"
"1126",19,"false"
"1127",19,"false"
"1128",19,"false"
"1129",19,"true"
"1130",19,"false"
"1131",19,"true"
"1132",19,"false"
"1133",19,"false"
"1134",19,"false"
"1135",19,"false"
"1136",19,"false"
"1137",19,"false"
"1138",19,"false"
"1139",19,"false"
"1140",19,"false"
"1141",19,"false"
"1142",19,"false"
"1143",19,"false"
"1144",19,"false"
"1145",19,"true"
"1146",19,"false"
"1147",19,"false"
"1148",19,"false"
"1149",19,"false"
"1150",19,"true"
"1151",19,"false"
"1152",19,"false"
"1153",19,"false"
"1154",19,"false"
"1155",19,"false"
"1156",19,"false"
"1157",19,"false"
"1158",20,"false"
"1159",20,"true"
"1160",20,"false"
"1161",20,"false"
"1162",20,"false"
"1163",20,"false"
"1164",20,"false"
"1165",20,"true"
"1166",20,"true"
"1167",20,"false"
"1168",21,"true"
"1169",21,"true"
"1170",21,"false"
"1171",21,"false"
"1172",21,"false"
"1173",21,"false"
"1174",21,"false"
"1175",21,"true"
"1176",21,"false"
"1177",21,"false"
"1178",21,"false"
"1179",21,"false"
"1180",21,"false"
"1181",21,"true"
"1182",21,"false"
"1183",21,"false"
"1184",21,"false"
"1185",21,"false"
"1186",21,"false"
"1187",21,"true"
"1188",21,"false"
"1189",21,"false"
"1190",21,"true"
"1191",21,"false"
"1192",21,"false"
"1193",21,"false"
"1194",21,"true"
"1195",21,"false"
"1196",21,"false"
"1197",21,"false"
"1198",21,"false"
"1199",21,"false"
"1200",21,"false"
"1201",21,"false"
"1202",21,"false"
"1203",21,"true"
"1204",21,"true"
"1205",21,"false"
"1206",21,"false"
"1207",21,"false"
"1208",21,"true"
"1209",21,"false"
"1210",21,"false"
"1211",21,"false"
"1212",21,"false"
"1213",21,"false"
"1214",21,"true"
"1215",21,"true"
"1216",21,"false"
"1217",21,"false"
"1218",21,"true"
"1219",21,"false"
"1220",21,"false"
"1221",21,"false"
"1222",21,"true"
"1223",21,"false"
"1224",21,"false"
"1225",21,"false"
"1226",21,"false"
"1227",21,"false"
"1228",21,"false"
"1229",21,"false"
"1230",21,"false"
"1231",21,"true"
"1232",21,"true"
"1233",21,"false"
"1234",21,"false"
"1235",21,"false"
"1236",21,"false"
"1237",21,"false"
"1238",21,"false"
"1239",21,"true"
"1240",21,"false"
"1241",21,"false"
"1242",21,"true"
"1243",21,"true"
"1244",21,"false"
"1245",21,"false"
"1246",21,"false"
"1247",21,"true"
"1248",21,"false"
"1249",21,"false"
"1250",21,"false"
"1251",21,"true"
"1252",21,"false"
"1253",21,"true"
"1254",21,"false"
"1255",21,"false"
"1256",21,"true"
"1257",21,"false"
"1258",21,"true"
"1259",21,"true"
"1260",21,"false"
"1261",21,"false"
"1262",21,"false"
"1263",21,"false"
"1264",21,"false"
"1265",21,"false"
"1266",21,"true"
"1267",21,"false"
"1268",21,"false"
"1269",21,"false"
"1270",21,"false"
"1271",21,"false"
"1272",22,"false"
"1273",22,"false"
"1274",22,"true"
"1275",23,"false"
"1276",23,"true"
"1277",23,"false"
"1278",23,"false"
"1279",23,"false"
"1280",23,"false"
"1281",23,"false"
"1282",23,"true"
"1283",23,"true"
"1284",23,"false"
"1285",23,"false"
"1286",23,"false"
"1287",23,"false"
"1288",23,"false"
"1289",23,"false"
"1290",23,"false"
"1291",23,"false"
"1292",23,"false"
"1293",23,"false"
"1294",23,"true"
"1295",23,"false"
"1296",23,"false"
"1297",23,"false"
"1298",23,"true"
"1299",23,"false"
"1300",23,"true"
"1301",23,"false"
"1302",23,"false"
"1303",23,"false"
"1304",23,"false"
"1305",23,"false"
"1306",23,"false"
"1307",23,"false"
"1308",23,"true"
"1309",23,"false"
"1310",24,"true"
"1311",25,"true"
"1312",25,"false"
"1313",25,"false"
"1314",25,"false"
"1315",27,"false"
"1316",27,"false"
"1317",27,"false"
"1318",27,"true"
"1319",27,"false"
"1320",27,"true"
"1321",27,"true"
"1322",27,"false"
"1323",27,"true"
"1324",27,"true"
"1325",27,"false"
"1326",27,"false"
"1327",27,"true"
"1328",27,"false"
"1329",27,"false"
"1330",27,"false"
"1331",27,"false"
"1332",28,"false"
"1333",29,"false"
"1334",29,"false"
"1335",29,"true"
"1336",29,"false"
"1337",29,"false"
"1338",29,"true"
"1339",29,"false"
"1340",29,"false"
"1341",29,"false"
"1342",29,"false"
"1343",29,"false"
"1344",29,"false"
"1345",29,"false"
"1346",29,"true"
"1347",29,"false"
"1348",29,"false"
"1349",29,"false"
"1350",29,"false"
"1351",29,"false"
"1352",29,"false"
"1353",29,"false"
"1354",29,"true"
"1355",29,"false"
"1356",29,"false"
"1357",29,"true"
"1358",29,"false"
"1359",29,"false"
"1360",29,"true"
"1361",29,"true"
"1362",29,"false"
"1363",29,"false"
"1364",29,"true"
"1365",30,"true"
"1366",31,"false"
"1367",32,"false"
"1368",32,"false"
"1369",32,"false"
"1370",32,"true"
"1371",32,"false"
"1372",32,"false"
"1373",32,"true"
"1374",32,"false"
"1375",32,"true"
"1376",32,"false"
"1377",32,"false"
"1378",32,"true"
"1379",32,"false"
"1380",32,"false"
"1381",32,"false"
"1382",32,"false"
"1383",32,"false"
"1384",32,"false"
"1385",32,"false"
"1386",32,"false"
"1387",32,"false"
"1388",32,"false"
"1389",32,"false"
"1390",32,"false"
"1391",32,"false"
"1392",32,"false"
"1393",32,"false"
"1394",32,"false"
"1395",32,"false"
"1396",32,"false"
"1397",32,"false"
"1398",32,"false"
"1399",32,"false"
"1400",32,"false"
"1401",33,"false"
"1402",33,"false"
"1403",35,"false"
"1404",35,"false"
"1405",35,"false"
"1406",35,"false"
"1407",35,"false"
"1408",35,"false"
"1409",35,"false"
"1410",35,"false"
"1411",35,"false"
"1412",35,"true"
"1413",35,"false"
"1414",35,"false"
"1415",35,"false"
"1416",35,"false"
"1417",35,"false"
"1418",35,"false"
"1419",35,"false"
"1420",35,"true"
"1421",35,"false"
"1422",35,"false"
"1423",35,"false"
"1424",35,"false"
"1425",35,"true"
"1426",35,"false"
"1427",35,"false"
"1428",35,"false"
"1429",35,"false"
"1430",35,"false"
"1431",35,"false"
"1432",35,"false"
"1433",36,"false"
"1434",37,"false"
"1435",37,"false"
"1436",37,"false"
"1437",37,"false"
"1438",37,"false"
"1439",39,"false"
"1440",39,"false"
"1441",39,"false"
"1442",39,"false"
"1443",39,"false"
"1444",39,"false"
"1445",39,"true"
"1446",39,"false"
"1447",39,"false"
"1448",41,"true"
"1449",41,"false"
"1450",41,"false"
"1451",41,"false"
"1452",41,"false"
"1453",41,"false"
"1454",41,"true"
"1455",41,"false"
"1456",41,"false"
"1457",41,"true"
"1458",41,"true"
"1459",41,"false"
"1460",41,"false"
"1461",41,"false"
"1462",41,"false"
"1463",41,"false"
"1464",41,"false"
"1465",41,"true"
"1466",41,"false"
"1467",41,"false"
"1468",41,"false"
"1469",41,"false"
"1470",41,"false"
"1471",41,"false"
"1472",41,"false"
"1473",41,"false"
"1474",41,"false"
"1475",41,"false"
"1476",41,"false"
"1477",41,"false"
"1478",41,"false"
"1479",41,"true"
"1480",41,"false"
"1481",41,"false"
"1482",41,"true"
"1483",41,"false"
"1484",41,"false"
"1485",41,"false"
"1486",41,"true"
"1487",41,"false"
"1488",41,"true"
"1489",41,"true"
"1490",41,"false"
"1491",41,"false"
"1492",41,"false"
"1493",41,"false"
"1494",41,"false"
"1495",41,"true"
"1496",41,"false"
"1497",41,"false"
"1498",41,"false"
"1499",41,"false"
"1500",41,"true"
"1501",41,"false"
"1502",41,"false"
"1503",41,"false"
"1504",41,"false"
"1505",41,"false"
"1506",41,"false"
"1507",41,"false"
"1508",41,"false"
"1509",41,"false"
"1510",41,"true"
"1511",41,"false"
"1512",41,"false"
"1513",41,"true"
"1514",41,"false"
"1515",41,"false"
"1516",41,"false"
"1517",41,"false"
"1518",41,"false"
"1519",41,"false"
"1520",41,"false"
"1521",41,"true"
"1522",41,"true"
"1523",41,"false"
"1524",41,"false"
"1525",41,"false"
"1526",41,"false"
"1527",41,"false"
"1528",41,"true"
"1529",41,"false"
"1530",41,"false"
"1531",41,"false"
"1532",41,"true"
"1533",41,"false"
"1534",42,"false"
"1535",42,"false"
"1536",42,"false"
"1537",42,"false"
"1538",42,"true"
"1539",42,"false"
"1540",42,"true"
"1541",42,"false"
"1542",43,"false"
"1543",43,"false"
"1544",43,"true"
"1545",43,"false"
"1546",43,"true"
"1547",43,"false"
"1548",43,"false"
"1549",43,"false"
"1550",43,"false"
"1551",43,"true"
"1552",43,"true"
"1553",43,"false"
"1554",43,"false"
"1555",43,"false"
"1556",43,"false"
"1557",43,"false"
"1558",43,"false"
"1559",43,"false"
"1560",43,"false"
"1561",43,"false"
"1562",43,"false"
"1563",43,"true"
"1564",43,"false"
"1565",43,"true"
"1566",43,"false"
"1567",43,"true"
"1568",43,"false"
"1569",43,"false"
"1570",43,"true"
"1571",43,"false"
"1572",44,"false"
"1573",44,"false"
"1574",45,"false"
"1575",46,"false"
"1576",46,"false"
"1577",46,"false"
"1578",46,"false"
"1579",46,"false"
"1580",46,"false"
"1581",46,"false"
"1582",46,"false"
"1583",46,"false"
"1584",46,"false"
"1585",46,"true"
"1586",46,"false"
"1587",46,"false"
"1588",46,"true"
"1589",46,"false"
"1590",46,"false"
"1591",46,"true"
"1592",46,"true"
"1593",46,"false"
"1594",46,"false"
"1595",46,"true"
"1596",46,"false"
"1597",46,"false"
"1598",46,"false"
"1599",46,"false"
"1600",46,"false"
"1601",46,"false"
"1602",46,"true"
"1603",46,"false"
"1604",46,"true"
"1605",46,"true"
"1606",46,"true"
"1607",46,"false"
"1608",46,"false"
"1609",46,"false"
"1610",46,"false"
"1611",46,"false"
"1612",46,"false"
"1613",46,"false"
"1614",46,"true"
"1615",46,"false"
"1616",46,"false"
"1617",46,"false"
"1618",46,"false"
"1619",46,"false"
"1620",46,"false"
"1621",46,"false"
"1622",46,"false"
"1623",46,"false"
"1624",46,"false"
"1625",46,"false"
"1626",46,"false"
"1627",46,"false"
"1628",46,"false"
"1629",46,"false"
"1630",46,"false"
"1631",46,"false"
"1632",46,"false"
"1633",46,"false"
"1634",46,"false"
"1635",47,"false"
"1636",47,"false"
"1637",48,"false"
"1638",48,"false"
"1639",48,"true"
"1640",48,"false"
"1641",48,"false"
"1642",48,"false"
"1643",48,"false"
"1644",48,"false"
"1645",48,"false"
"1646",48,"false"
"1647",48,"false"
"1648",48,"false"
"1649",48,"false"
"1650",48,"false"
"1651",48,"false"
"1652",48,"false"
"1653",48,"false"
"1654",48,"false"
"1655",48,"false"
"1656",48,"false"
"1657",48,"false"
"1658",48,"true"
"1659",48,"false"
"1660",48,"false"
"1661",48,"false"
"1662",48,"false"
"1663",48,"false"
"1664",48,"false"
"1665",48,"false"
"1666",48,"false"
"1667",48,"false"
"1668",48,"false"
"1669",48,"true"
"1670",48,"false"
"1671",48,"false"
"1672",48,"true"
"1673",48,"false"
"1674",48,"false"
"1675",48,"false"
"1676",48,"false"
"1677",48,"true"
"1678",48,"false"
"1679",48,"false"
"1680",48,"false"
"1681",48,"false"
"1682",48,"false"
"1683",48,"false"
"1684",48,"true"
"1685",48,"false"
"1686",48,"false"
"1687",48,"false"
"1688",48,"false"
"1689",48,"true"
"1690",48,"false"
"1691",48,"false"
"1692",48,"false"
"1693",48,"false"
"1694",48,"false"
"1695",48,"false"
"1696",48,"false"
"1697",48,"false"
"1698",48,"false"
"1699",48,"false"
"1700",48,"false"
"1701",48,"false"
"1702",48,"false"
"1703",48,"false"
"1704",48,"true"
"1705",48,"true"
"1706",48,"false"
"1707",49,"false"
"1708",49,"false"
"1709",50,"true"
"1710",50,"true"
"1711",50,"false"
"1712",50,"false"
"1713",50,"false"
"1714",50,"false"
"1715",52,"true"
"1716",52,"true"
"1717",52,"false"
"1718",52,"false"
"1719",52,"false"
"1720",52,"true"
"1721",52,"false"
"1722",52,"false"
"1723",52,"false"
"1724",52,"false"
"1725",52,"false"
"1726",52,"false"
"1727",52,"false"
"1728",52,"true"
"1729",52,"false"
"1730",56,"false"
"1731",56,"false"
"1732",56,"true"
"1733",56,"false"
"1734",56,"true"
"1735",56,"false"
"1736",56,"false"
"1737",56,"false"
"1738",56,"false"
"1739",56,"false"
"1740",56,"false"
"1741",56,"false"
"1742",56,"false"
"1743",56,"true"
"1744",56,"true"
"1745",56,"false"
"1746",58,"false"
"1747",58,"true"
"1748",58,"false"
"1749",58,"true"
"1750",58,"false"
"1751",58,"true"
"1752",58,"false"
"1753",58,"false"
"1754",58,"false"
"1755",58,"true"
"1756",58,"false"
"1757",58,"false"
"1758",58,"false"
"1759",58,"false"
"1760",58,"false"
"1761",63,"false"
"1762",63,"false"
"1763",63,"false"
"1764",63,"false"
"1765",63,"false"
"1766",63,"false"
"1767",63,"false"
"1768",63,"false"
"1769",63,"false"
"1770",63,"false"
"1771",63,"false"
"1772",64,"false"
"1773",66,"false"
"1774",66,"true"
"1775",66,"false"
"1776",66,"true"
"1777",66,"false"
"1778",69,"false"
"1779",69,"false"
"1780",69,"false"
"1781",69,"false"
"1782",69,"false"
"1783",69,"false"
"1784",69,"true"
"1785",69,"false"
"1786",69,"false"
"1787",69,"false"
"1788",69,"false"
"1789",69,"false"
"1790",69,"true"
"1791",69,"false"
"1792",69,"false"
"1793",69,"false"
"1794",69,"false"
"1795",69,"true"
"1796",69,"false"
"1797",69,"false"
"1798",69,"false"
"1799",69,"false"
"1800",69,"false"
"1801",69,"false"
"1802",69,"false"
"1803",69,"false"
"1804",69,"false"
"1805",69,"false"
"1806",69,"true"
"1807",69,"false"
"1808",70,"false"
"1809",74,"false"
"1810",74,"false"
"1811",74,"true"
"1812",74,"false"
"1813",74,"false"
"1814",74,"true"
"1815",74,"false"
"1816",74,"true"
"1817",74,"false"
"1818",74,"false"
"1819",74,"true"
"1820",74,"false"
"1821",74,"true"
"1822",74,"true"
"1823",74,"false"
"1824",74,"true"
"1825",74,"false"
"1826",74,"false"
"1827",74,"true"
"1828",74,"false"
"1829",74,"false"
"1830",75,"false"
"1831",76,"false"
"1832",77,"false"
"1833",77,"false"
"1834",77,"false"
"1835",77,"false"
"1836",77,"false"
"1837",77,"false"
"1838",77,"true"
"1839",77,"false"
"1840",77,"false"
"1841",77,"false"
"1842",77,"true"
"1843",81,"false"
"1844",81,"true"
"1845",81,"false"
"1846",81,"true"
"1847",81,"true"
"1848",81,"true"
"1849",81,"false"
"1850",81,"true"
"1851",81,"true"
"1852",84,"false"
"1853",84,"true"
"1854",84,"false"
"1855",84,"false"
"1856",84,"false"
"1857",85,"false"
"1858",85,"false"
"1859",88,"false"
"1860",88,"false"
"1861",92,"false"
"1862",92,"false"
"1863",92,"false"
"1864",92,"false"
"1865",92,"true"
"1866",92,"false"
"1867",92,"true"
"1868",92,"true"
"1869",92,"false"
"1870",92,"false"
"1871",92,"false"
"1872",92,"false"
"1873",92,"true"
"1874",92,"false"
"1875",92,"false"
"1876",92,"false"
"1877",92,"true"
"1878",92,"false"
"1879",92,"false"
"1880",92,"false"
"1881",92,"false"
"1882",93,"true"
"1883",95,"false"
"1884",95,"false"
"1885",96,"true"
"1886",96,"false"
"1887",96,"true"
"1888",96,"false"
"1889",96,"false"
"1890",96,"true"
"1891",96,"true"
"1892",96,"true"
"1893",96,"true"
"1894",96,"false"
"1895",96,"true"
"1896",96,"false"
"1897",96,"true"
"1898",96,"false"
"1899",96,"false"
"1900",96,"false"
"1901",96,"false"
"1902",96,"false"
"1903",96,"false"
"1904",96,"false"
"1905",96,"false"
"1906",96,"true"
"1907",96,"false"
"1908",96,"false"
"1909",96,"false"
"1910",96,"false"
"1911",96,"false"
"1912",96,"false"
"1913",96,"false"
"1914",96,"true"
"1915",96,"false"
"1916",96,"true"
"1917",96,"false"
"1918",96,"false"
"1919",96,"true"
"1920",96,"false"
"1921",96,"true"
"1922",96,"false"
"1923",96,"false"
"1924",96,"false"
"1925",96,"false"
"1926",96,"false"
"1927",96,"false"
"1928",96,"true"
"1929",96,"false"
"1930",96,"false"
"1931",96,"false"
"1932",96,"false"
"1933",96,"false"
"1934",96,"true"
"1935",96,"true"
"1936",96,"true"
"1937",96,"false"
"1938",96,"false"
"1939",96,"true"
"1940",96,"true"
"1941",96,"false"
"1942",96,"false"
"1943",96,"true"
"1944",96,"false"
"1945",96,"true"
"1946",96,"false"
"1947",96,"false"
"1948",96,"false"
"1949",96,"false"
"1950",96,"false"
"1951",96,"false"
"1952",96,"true"
"1953",96,"false"
"1954",96,"false"
"1955",96,"false"
"1956",96,"false"
"1957",96,"false"
"1958",96,"false"
"1959",96,"false"
"1960",96,"true"
"1961",96,"false"
"1962",96,"false"
"1963",96,"false"
"1964",96,"false"
"1965",96,"false"
"1966",96,"false"
"1967",96,"false"
"1968",96,"true"
"1969",96,"false"
"1970",96,"true"
"1971",96,"true"
"1972",96,"true"
"1973",97,"false"
"1974",97,"true"
"1975",100,"true"
"1976",100,"true"
"1977",100,"true"
"1978",100,"true"
"1979",100,"true"
"1980",100,"true"
"1981",100,"true"
"1982",100,"true"
"1983",100,"true"
"1984",102,"false"
"1985",102,"false"
"1986",102,"false"
"1987",102,"false"
"1988",102,"false"
"1989",102,"false"
"1990",102,"false"
"1991",102,"false"
"1992",102,"false"
"1993",102,"false"
"1994",102,"false"
"1995",102,"true"
"1996",102,"false"
"1997",102,"true"
"1998",102,"false"
"1999",104,"false"
"2000",104,"false"
"2001",104,"false"
"2002",104,"false"
"2003",104,"false"
"2004",104,"false"
"2005",104,"true"
"2006",104,"false"
"2007",106,"true"
"2008",109,"false"
"2009",109,"false"
"2010",109,"false"
"2011",109,"false"
"2012",109,"true"
"2013",109,"false"
"2014",111,"true"
"2015",111,"false"
"2016",111,"false"
"2017",111,"false"
"2018",111,"true"
"2019",111,"false"
"2020",111,"false"
"2021",111,"false"
"2022",111,"true"
"2023",111,"false"
"2024",114,"false"
"2025",114,"false"
"2026",114,"true"
"2027",122,"false"
"2028",122,"false"
"2029",122,"false"
"2030",123,"false"
"2031",123,"false"
"2032",123,"false"
"2033",124,"false"
"2034",124,"false"
"2035",124,"false"
"2036",124,"false"
"2037",124,"true"
"2038",124,"false"
"2039",125,"false"
"2040",126,"true"
"2041",126,"true"
"2042",127,"true"
"2043",127,"false"
"2044",127,"false"
"2045",127,"false"
"2046",127,"false"
"2047",127,"false"
"2048",127,"true"
"2049",127,"true"
"2050",127,"false"
"2051",127,"false"
"2052",127,"true"
"2053",127,"false"
"2054",128,"true"
"2055",128,"false"
"2056",128,"false"
"2057",128,"true"
"2058",128,"false"
"2059",133,"false"
"2060",133,"false"
"2061",133,"false"
"2062",133,"false"
"2063",133,"false"
"2064",133,"false"
"2065",133,"false"
"2066",133,"false"
"2067",133,"false"
"2068",133,"false"
"2069",133,"false"
"2070",133,"false"
"2071",133,"false"
"2072",133,"false"
"2073",133,"false"
"2074",133,"false"
"2075",133,"false"
"2076",133,"false"
"2077",133,"false"
"2078",133,"false"
"2079",133,"false"
"2080",133,"false"
"2081",133,"false"
"2082",133,"false"
"2083",133,"false"
"2084",133,"false"
"2085",133,"false"
"2086",133,"false"
"2087",133,"true"
"2088",133,"false"
"2089",133,"false"
"2090",133,"false"
"2091",133,"false"
"2092",133,"false"
"2093",133,"false"
"2094",133,"false"
"2095",133,"false"
"2096",133,"true"
"2097",133,"false"
"2098",133,"false"
"2099",133,"true"
"2100",133,"false"
"2101",133,"true"
"2102",133,"false"
"2103",133,"true"
"2104",133,"false"
"2105",133,"false"
"2106",133,"false"
"2107",133,"false"
"2108",133,"false"
"2109",133,"false"
"2110",133,"false"
"2111",133,"false"
"2112",133,"false"
"2113",133,"false"
"2114",133,"false"
"2115",133,"true"
"2116",133,"false"
"2117",133,"false"
"2118",133,"false"
"2119",133,"false"
"2120",133,"false"
"2121",133,"false"
"2122",133,"false"
"2123",133,"false"
"2124",133,"false"
"2125",133,"false"
"2126",133,"false"
"2127",133,"false"
"2128",133,"false"
"2129",133,"false"
"2130",133,"false"
"2131",133,"true"
"2132",133,"false"
"2133",133,"false"
"2134",133,"false"
"2135",133,"true"
"2136",133,"false"
"2137",133,"false"
"2138",133,"false"
"2139",133,"false"
"2140",133,"false"
"2141",133,"false"
"2142",133,"true"
"2143",133,"false"
"2144",133,"false"
"2145",133,"false"
"2146",133,"true"
"2147",133,"false"
"2148",133,"false"
"2149",133,"false"
"2150",133,"false"
"2151",133,"true"
"2152",133,"true"
"2153",133,"true"
"2154",133,"false"
"2155",133,"false"
"2156",133,"false"
"2157",133,"false"
"2158",143,"false"
"2159",147,"true"
"2160",147,"true"
"2161",147,"false"
"2162",147,"false"
"2163",147,"false"
